Feature,Coefficient
year,-0.000270155963271795
month,0.004357161506297611
harvest_level,-0.041788970980648626
open,-0.6563649029618948
high,0.7706923934818379
low,0.8885887667830463
volume,9.82946638992466e-07
temp,-0.0025458051979781577
CPI,-0.0061021989643595944
close_y,-0.00045997918791191526
Oil Price,-0.00279573451578882
